CREATE TABLE VIDEOOFFLINE
(
	LinkVideo nvarchar(500),
	VideoID nvarchar(100) PRIMARY KEY
)
CREATE TABLE VIDEOONLINE
(
	ComposerID nvarchar(100),
	DateUpdate DATE,
	Resolution nvarchar(10),
	SingerID nvarchar(100),
	URLVideo nvarchar(500),
	VideoID nvarchar(100) PRIMARY KEY
)
CREATE TABLE VIDEOKARAOKE
(
	VideoID nvarchar(100) PRIMARY KEY

)
CREATE TABLE CHUNG_VIDEOKARAOKE
(
	CategoryID nvarchar(100),
	Duaration int,--giây
	FormatVideoID nvarchar(100),
	ID nvarchar(100) PRIMARY KEY,
	Name nvarchar(500)

)
CREATE TABLE SINGER
(
	Age int,
	FullName nvarchar(500),
	Sex nvarchar(10),
	SingerID nvarchar(100) PRIMARY KEY
)
CREATE TABLE COMPOSER
(
	Age int,
	ComposerID nvarchar(100) PRIMARY KEY,
	FullName nvarchar(500),
	Sex nvarchar(10)
)
CREATE TABLE CATEGORY
(
	CategoryID nvarchar(100) PRIMARY KEY,
	Describe nvarchar(1000),
	Name nvarchar(100)
)
CREATE TABLE FORMATVIDEO
(
	FormatVideoID nvarchar(100) PRIMARY KEY,
	Name nvarchar(100),
	Describe nvarchar(500)
)
CREATE TABLE VIDEORECORD 
(
	RecordID nvarchar(100) PRIMARY KEY,
	RecordDate date,
	PlayerID nvarchar(100),
	RecordName nvarchar(500),
	StatusID nvarchar(100),
	URL nvarchar(500),
	VideoID nvarchar(100)
)
CREATE TABLE RECORDSTATUS
(
	StatusID nvarchar(100) PRIMARY KEY,
	StatusName nvarchar(100)
)
CREATE TABLE DETAILEACHSING
(
	PlayerID nvarchar(100) NOT NULL,
	VideoID nvarchar(100) NOT NULL,
	Score int,
	DateSing date,
	PRIMARY KEY (PlayerID,VideoID)
)
CREATE TABLE PLAYER
(
	PlayerID nvarchar(100) PRIMARY KEY,
	AvatarID nvarchar(100),
	BirthDate date,
	Email nvarchar(100),
	FacebookURL nvarchar(500),
	FullName nvarchar(100),
	Job nvarchar(200),
	LevelID nvarchar(100),
	Username nvarchar(100),
	Password nvarchar(100) ,
	PhoneNumber nvarchar(15),
	Scores int

)
CREATE TABLE PARAMETER
(
	Name nvarchar(200),
	ParamID nvarchar(100) PRIMARY KEY,
	Status bit,
	Type nvarchar(100),

	Value nvarchar(500)
)
CREATE TABLE AVATAR
(
	AvatarID nvarchar(100) PRIMARY KEY,
	URL nvarchar(500)
)
CREATE TABLE LEVEL
(
	LevelID nvarchar(100) PRIMARY KEY,
	MaxScore int,
	Name nvarchar(100),
	RemainScoreToUp INT
)

ALTER TABLE CHUNG_VIDEOKARAOKE
ADD CONSTRAINT FK1
FOREIGN KEY (FormatVideoID) REFERENCES FORMATVIDEO(FormatVideoID)

ALTER TABLE VIDEOOFFLINE
ADD CONSTRAINT FK2
FOREIGN KEY (VideoID) REFERENCES CHUNG_VIDEOKARAOKE (ID)

ALTER TABLE VIDEORECORD
ADD CONSTRAINT FK3
FOREIGN KEY (VideoID) REFERENCES CHUNG_VIDEOKARAOKE (ID)

ALTER TABLE VIDEOKARAOKE
ADD CONSTRAINT FK4
FOREIGN KEY (VideoID) REFERENCES CHUNG_VIDEOKARAOKE (ID)

ALTER TABLE VIDEOONLINE
ADD CONSTRAINT FK5
FOREIGN KEY (VideoID) REFERENCES CHUNG_VIDEOKARAOKE (ID)

ALTER TABLE CHUNG_VIDEOKARAOKE
ADD CONSTRAINT FK6
FOREIGN KEY (CategoryID) REFERENCES CATEGORY (CategoryID)

ALTER TABLE VIDEORECORD
ADD CONSTRAINT FK7
FOREIGN KEY (StatusID) REFERENCES RECORDSTATUS (StatusID)

ALTER TABLE VIDEORECORD
ADD CONSTRAINT FK8
FOREIGN KEY (PlayerID) REFERENCES PLAYER (PlayerID)

ALTER TABLE DETAILEACHSING
ADD CONSTRAINT FK9
FOREIGN KEY (VideoID) REFERENCES CHUNG_VIDEOKARAOKE (ID)

ALTER TABLE DETAILEACHSING
ADD CONSTRAINT FK10
FOREIGN KEY (PlayerID) REFERENCES PLAYER (PlayerID)


ALTER TABLE VIDEOONLINE
ADD CONSTRAINT FK11
FOREIGN KEY (SingerID) REFERENCES SINGER (SingerID)


ALTER TABLE VIDEOONLINE
ADD CONSTRAINT FK12
FOREIGN KEY (ComposerID) REFERENCES COMPOSER (ComposerID)

ALTER TABLE PLAYER
ADD CONSTRAINT FK13
FOREIGN KEY (LevelID) REFERENCES LEVEL (LevelID)

ALTER TABLE PLAYER
ADD CONSTRAINT FK14
FOREIGN KEY (AvatarID) REFERENCES AVATAR (AvatarID)

--chèn dữ liệu

INSERT INTO CATEGORY
VALUES ('CT01',N'Nhạc Bolero Trữ Tình. Nhạc cách mạng cũng được xếp vào loại này',N'Nhạc Bolero')
INSERT INTO CATEGORY
VALUES ('CT02',N'Nhạc Trẻ Vpop mang phong cách Pop Ballad.',N'Nhạc Trẻ')
INSERT INTO CATEGORY
VALUES ('CT03',N'Thể loại nhạc quốc tế, chủ yếu là nhạc Âu Mỹ.',N'Nhạc Quốc Tế')
INSERT INTO CATEGORY
VALUES ('CT04',N'Tập hợp các ca khúc được biểu diễn theo phong cách nhạc sống, tạo ra từ  Organ.',N'Nhạc Sống')
INSERT INTO CATEGORY
VALUES ('CT05',N'Tập hợp các ca khúc hát đôi, trong đó đã có một giọng (nam hoặc nữ) hát trước rồi.',N'Nhạc Song Ca')
INSERT INTO CATEGORY
VALUES ('CT06',N'Tập hợp các ca khúc nhạc dành cho trẻ em.',N'Nhạc Thiếu Nhi')


INSERT INTO FORMATVIDEO
VALUES ('FM01','AVI',N'Audio Video Interleave, là một đa phương tiện định dạng của Microsoft được giới thiệu vào tháng 11 năm 1992')
INSERT INTO FORMATVIDEO
VALUES ('FM02','MP4',N'MP4 là một định dạng đa phương tiện kỹ thuật số thường được sử dụng để lưu trữ video và âm thanh, nhưng cũng có thể được sử dụng để lưu trữ dữ liệu khác như phụ đề và hình ảnh. MP4 còn cho phép streaming qua Internet.')
INSERT INTO FORMATVIDEO
VALUES ('FM03','MKV',N'Định dạng MKV')
INSERT INTO FORMATVIDEO
VALUES ('FM04','MPG',N'Định dạng MPG')
INSERT INTO FORMATVIDEO
VALUES ('FM05','WMV',N'Định dạng của micosoft,Windows Media Video')
INSERT INTO FORMATVIDEO
VALUES ('FM06','VOB',N'Định dạng đĩa DVD')
INSERT INTO FORMATVIDEO
VALUES ('FM07','FLV',N'FLV là định dạng được lựa chọn cho video nhúng trong web, định dạng này được sử dụng bởi YouTube, Google Video, Yahoo! Video, Metacafe, Megavideo và nhiều trang chia sẻ video khác.')
INSERT INTO FORMATVIDEO
VALUES('FM08','MOV',N'QuickTime Movie là định dạng được Apple phát triển. Đây là một định dạng đa phương tiện phổ biến, thường được dùng trên Internet do ưu điểm tiết kiệm dung lượng của nó')
INSERT INTO FORMATVIDEO
VALUES('FM09','3GP',N'Định dạng video cho điện thoại, chất lượng thấp')


INSERT INTO SINGER
VALUES ('32',N'Đan Nguyên',N'Nam','SG01')
INSERT INTO SINGER
VALUES ('36',N'Dương Hồng Loan',N'Nữ','SG02')
INSERT INTO SINGER
VALUES ('36',N'Lê Sang',N'Nam','SG03')
INSERT INTO SINGER
VALUES ('37',N'Quang Lê',N'Nam','SG04')
INSERT INTO SINGER
VALUES ('32',N'Lương Bích Hữu',N'Nữ','SG05')
INSERT INTO SINGER
VALUES ('33',N'Hồ Việt Trung',N'Nam','SG06')
INSERT INTO SINGER
VALUES ('30',N'Hồ Quang Hiếu',N'Nam','SG07')
INSERT INTO SINGER
VALUES ('31',N'Phạm Trưởng',N'Nam','SG08')
INSERT INTO SINGER
VALUES ('22',N'Sơn Tùng MTP',N'Nam','SG09')
INSERT INTO SINGER
VALUES ('27',N'Chi Dân',N'Nam','SG10')
INSERT INTO SINGER
VALUES ('31',N'Hari Won',N'Nữ','SG11')
INSERT INTO SINGER
VALUES ('26',N'Trịnh Đình Quang',N'Nam','SG12')

INSERT INTO SINGER
VALUES ('35',N'Bằng Cường',N'Nam','SG13')
INSERT INTO SINGER
VALUES ('35',N'Khánh Phương',N'Nam','SG14')
INSERT INTO SINGER
VALUES ('31',N'Lâm Chấn Khang',N'Nam','SG15')
INSERT INTO SINGER
VALUES ('24',N'Yuki Huy Nam',N'Nam','SG16')

INSERT INTO SINGER
VALUES ('27',N'Dương Nhất Linh',N'Nam','SG17')

INSERT INTO SINGER
VALUES ('21',N'Trần Tuấn Lương',N'Nam','SG18')
INSERT INTO SINGER
VALUES ('29',N'Khắc Việt',N'Nam','SG19')
INSERT INTO SINGER
VALUES ('31',N'Nam Cường',N'Nam','SG20')
INSERT INTO SINGER
VALUES ('31',N'Nhật Kim Anh',N'Nữ','SG21')

INSERT INTO SINGER
VALUES ('23',N'Kim Jun See',N'Nữ','SG22')

INSERT INTO SINGER
VALUES ('28',N'Hải Băng',N'Nữ','SG23')
INSERT INTO SINGER
VALUES ('8',N'Nhóm The Men',N'Nam','SG24')

INSERT INTO SINGER
VALUES ('10',N'Nhóm HKT',N'Nam','SG25')

INSERT INTO SINGER
VALUES ('30',N'Châu Khải Phong',N'Nam','SG26')
INSERT INTO SINGER
VALUES ('33',N'Khánh Trung',N'Nam','SG27')
INSERT INTO SINGER
VALUES ('31',N'Cao Thái Sơn',N'Nam','SG28')

INSERT INTO SINGER
VALUES ('32',N'Minh Vương',N'Nam','SG29')
INSERT INTO SINGER
VALUES ('25',N'Cảnh Minh',N'Nam','SG30')
INSERT INTO SINGER
VALUES ('31',N'Akira Phan',N'Nam','SG31')
INSERT INTO SINGER
VALUES ('48',N'Lý Hải',N'Nam','SG32')

INSERT INTO SINGER
VALUES ('23',N'Bùi Vĩnh Phúc',N'Nam','SG33')
INSERT INTO SINGER
VALUES ('40',N'Đan Trường',N'Nam','SG34')
INSERT INTO SINGER
VALUES ('46',N'Cẩm Ly',N'Nữ','SG35')
INSERT INTO SINGER
VALUES ('30',N'Huỳnh Nhã Lâm',N'Nữ','SG36')
INSERT INTO SINGER
VALUES ('7',N'Nhóm VMusic',N'Nam','SG37')
INSERT INTO SINGER
VALUES ('40',N'Phan Đình Tùng',N'Nam','SG38')
INSERT INTO SINGER
VALUES ('38',N'Tuấn Hưng',N'Nam','SG39')
INSERT INTO SINGER
VALUES ('34',N'Lâm Vũ',N'Nam','SG40')

INSERT INTO SINGER
VALUES ('26',N'Khởi My',N'Nữ','SG41')
INSERT INTO SINGER
VALUES ('30',N'Vy Thúy Vân',N'Nữ','SG42')
INSERT INTO SINGER
VALUES ('35',N'Nguyên Vũ',N'Nam','SG43')
INSERT INTO SINGER
VALUES ('33',N'Lưu Chí Vỹ',N'Nam','SG44')
INSERT INTO SINGER
VALUES ('32',N'Duy Khoa',N'Nam','SG45')
INSERT INTO SINGER
VALUES ('28',N'Hamlet Trương',N'Nam','SG46')
INSERT INTO SINGER
VALUES ('29',N'Wanbi Tuấn Anh',N'Nam','SG47')

INSERT INTO SINGER
VALUES ('27',N'Bích Phương',N'Nữ','SG48')
INSERT INTO SINGER
VALUES ('26',N'Phan Mạnh Quỳnh',N'Nam','SG49')
INSERT INTO SINGER
VALUES ('37',N'Nhật Tinh Anh',N'Nam','SG50')

INSERT INTO SINGER
VALUES ('46',N'Như Quỳnh',N'Nữ','SG51')

INSERT INTO SINGER
VALUES ('33',N'Giáng Tiên',N'Nữ','SG52')
INSERT INTO SINGER
VALUES ('22',N'Tiên Cookie',N'Nữ','SG53')

INSERT INTO SINGER
VALUES ('26',N'Đoàn Thúy Trang',N'Nữ','SG54')

INSERT INTO SINGER
VALUES ('26',N'Hồng Quyên',N'Nữ','SG55')
INSERT INTO SINGER
VALUES ('46',N'Ngọc Sơn',N'Nam','SG56')
INSERT INTO SINGER
VALUES ('37',N'Dương Ngọc Thái',N'Nam','SG57')

INSERT INTO SINGER
VALUES ('35',N'Vũ Duy',N'Nam','SG58')

INSERT INTO SINGER
VALUES ('53',N'Trường Vũ',N'Nam','SG59')
INSERT INTO SINGER
VALUES ('44',N'Phi Nhung',N'Nữ','SG60')

INSERT INTO SINGER
VALUES ('35',N'Lệ Quyên',N'Nữ','SG61')
INSERT INTO SINGER
VALUES ('36',N'Lương Gia Huy',N'Nam','SG62')

INSERT INTO SINGER
VALUES ('40',N'Hoàng Châu',N'Nữ','SG63')
INSERT INTO SINGER
VALUES ('34',N'Trường Sơn',N'Nam','SG64')
INSERT INTO SINGER
VALUES ('39',N'Lưu Ánh Loan',N'Nữ','SG65')
INSERT INTO SINGER
VALUES ('45',N'Đàm Vĩnh Hưng',N'Nam','SG66')

INSERT INTO SINGER
VALUES ('26',N'Phong Thái Phương',N'Nam','SG67')

INSERT INTO SINGER
VALUES ('36',N'Ngô Quốc Linh',N'Nam','SG68')
INSERT INTO SINGER
VALUES ('37',N'Tuấn Khương',N'Nam','SG69')

INSERT INTO SINGER
VALUES ('31',N'Khưu Huy Vũ',N'Nam','SG70')
INSERT INTO SINGER
VALUES ('32',N'Đào Phi Dương',N'Nam','SG71')
INSERT INTO SINGER
VALUES ('31',N'Lý Diệu Linh',N'Nữ','SG72')

INSERT INTO SINGER
VALUES ('13',N'Phương Mỹ Chi',N'Nữ','SG73')
INSERT INTO SINGER
VALUES ('33',N'Giang Trường',N'Nam','SG74')
INSERT INTO SINGER
VALUES ('37',N'Quốc Đại',N'Nam','SG75')
INSERT INTO SINGER
VALUES ('45',N'Huỳnh Nguyễn Công Bằng',N'Nam','SG76')
INSERT INTO SINGER
VALUES ('38',N'Sơn Hạ',N'Nam','SG77')
INSERT INTO SINGER
VALUES ('0',N'Organ',N'','SG78')

INSERT INTO COMPOSER
VALUES ('31','CP01',N'Phạm Trưởng',N'Nam')
INSERT INTO CHUNG_VIDEOKARAOKE
VALUES ('CT02',233,'FM01','VD00036',N'Anh Yêu Em')
INSERT INTO VIDEOONLINE
VALUES ('CP01','12-22-2016','360p','SG08','C:\Users\Administrator\Desktop\Vpop\anh yeu em.avi','VD00036')



INSERT INTO COMPOSER
VALUES ('31','CP02',N'Lâm Chấn Khang',N'Nam')
INSERT INTO CHUNG_VIDEOKARAOKE
VALUES ('CT02',352,'FM01','VD00040',N'Cái Xác Không Hồn')
INSERT INTO VIDEOONLINE
VALUES ('CP02','12-22-2016','360p','SG15','C:\Users\Administrator\Desktop\Vpop\cai xac khong hon.avi','VD00040')

INSERT INTO COMPOSER
VALUES ('29','CP03',N'Khắc Việt',N'Nam')

INSERT INTO COMPOSER
VALUES ('69','CP04',N'Hàn Châu',N'Nam')
INSERT INTO CHUNG_VIDEOKARAOKE
VALUES ('CT01',354,'FM01','VD00005',N'Áo Đẹp Nàng Dâu')
INSERT INTO VIDEOONLINE
VALUES ('CP04','12-22-2016','360p','SG72','C:\Users\Administrator\Desktop\Bolero\ao dep nang dau.avi','VD00005')
INSERT INTO CHUNG_VIDEOKARAOKE
VALUES ('CT01',308,'FM01','VD00014',N'Bóng Dáng Mẹ Hiền')
INSERT INTO VIDEOONLINE
VALUES ('CP04','12-22-2016','360p','SG64','C:\Users\Administrator\Desktop\Bolero\bong dang me hien.avi','VD00014')


INSERT INTO COMPOSER
VALUES ('0','CP05',N'Nguyễn Duyên Phước',N'Nam')
INSERT INTO CHUNG_VIDEOKARAOKE
VALUES ('CT01',342,'FM01','VD00001',N'Mười Năm Đợi Chờ')
INSERT INTO VIDEOONLINE
VALUES ('CP05','12-22-2016','360p','SG68','C:\Users\Administrator\Desktop\Bolero\10 nam doi cho.avi','VD00001')

INSERT INTO COMPOSER
VALUES ('0','CP06',N'Hoàng Trang',N'Nam')
INSERT INTO CHUNG_VIDEOKARAOKE
VALUES ('CT01',340,'FM01','VD00002',N'Ăn Năn')
INSERT INTO VIDEOONLINE
VALUES ('CP06','12-22-2016','360p','SG02','C:\Users\Administrator\Desktop\Bolero\an nan.avi','VD00002')

INSERT INTO COMPOSER
VALUES ('0','CP07',N'Nhạc Sống Organ',N'')
INSERT INTO CHUNG_VIDEOKARAOKE
VALUES ('CT04',235,'FM01','VD00003',N'Anh Ba Khía')
INSERT INTO VIDEOONLINE
VALUES ('CP07','12-22-2016','360p','SG78','C:\Users\Administrator\Desktop\Bolero\anh ba khia.avi','VD00003')
INSERT INTO CHUNG_VIDEOKARAOKE
VALUES ('CT04',294,'FM01','VD00004',N'Anh Về Miền Tây')
INSERT INTO VIDEOONLINE
VALUES ('CP07','12-22-2016','360p','SG78','C:\Users\Administrator\Desktop\Bolero\anh ve mien tay.avi','VD00004')
INSERT INTO CHUNG_VIDEOKARAOKE
VALUES ('CT04',282,'FM01','VD00006',N'Ba Đứa Bạn Nghèo')
INSERT INTO VIDEOONLINE
VALUES ('CP07','12-22-2016','360p','SG78','C:\Users\Administrator\Desktop\Bolero\ba dua ban ngheo.avi','VD00006')
INSERT INTO CHUNG_VIDEOKARAOKE
VALUES ('CT04',277,'FM01','VD00007',N'Ba Tháng Tạ Từ')
INSERT INTO VIDEOONLINE
VALUES ('CP07','12-22-2016','360p','SG78','C:\Users\Administrator\Desktop\Bolero\ba thang ta tu.avi','VD00007')
INSERT INTO CHUNG_VIDEOKARAOKE
VALUES ('CT04',256,'FM01','VD00008',N'Bạc Trắng Lửa Hồng')
INSERT INTO VIDEOONLINE
VALUES ('CP07','12-22-2016','360p','SG78','C:\Users\Administrator\Desktop\Bolero\bac trang lua hong.avi','VD00008')
INSERT INTO CHUNG_VIDEOKARAOKE
VALUES ('CT04',371,'FM01','VD00013',N'Bội Bạc')
INSERT INTO VIDEOONLINE
VALUES ('CP07','12-22-2016','360p','SG78','C:\Users\Administrator\Desktop\Bolero\boi bac.avi','VD00013')
INSERT INTO CHUNG_VIDEOKARAOKE
VALUES ('CT04',222,'FM01','VD00016',N'Cạm Bẫy Tình Yêu')
INSERT INTO VIDEOONLINE
VALUES ('CP07','12-22-2016','360p','SG78','C:\Users\Administrator\Desktop\Bolero\cam bay tinh yeu.avi','VD00016')
INSERT INTO CHUNG_VIDEOKARAOKE
VALUES ('CT04',370,'FM01','VD00018',N'Căn Nhà Màu Tím')
INSERT INTO VIDEOONLINE
VALUES ('CP07','12-22-2016','360p','SG78','C:\Users\Administrator\Desktop\Bolero\can nha mau tim-Tan nhac.avi','VD00018')
INSERT INTO CHUNG_VIDEOKARAOKE
VALUES ('CT04',301,'FM01','VD00019',N'Căn Nhà Mộng Ước')
INSERT INTO VIDEOONLINE
VALUES ('CP07','12-22-2016','360p','SG78','C:\Users\Administrator\Desktop\Bolero\CAn nha mong uoc.avi','VD00019')
INSERT INTO CHUNG_VIDEOKARAOKE
VALUES ('CT04',328,'FM01','VD00021',N'Câu Chuyện Đầu Năm')
INSERT INTO VIDEOONLINE
VALUES ('CP07','12-22-2016','360p','SG78','C:\Users\Administrator\Desktop\Bolero\cau chuyen dau nam.avi','VD00021')
INSERT INTO CHUNG_VIDEOKARAOKE
VALUES ('CT04',280,'FM01','VD00025',N'Cây Đàn Sinh Viên')
INSERT INTO VIDEOONLINE
VALUES ('CP07','12-22-2016','360p','SG78','C:\Users\Administrator\Desktop\Bolero\cay dan sinh vien.avi','VD00025')
INSERT INTO CHUNG_VIDEOKARAOKE
VALUES ('CT04',294,'FM01','VD00027',N'Cây Cầu Dừa')
INSERT INTO VIDEOONLINE
VALUES ('CP07','12-22-2016','360p','SG78','C:\Users\Administrator\Desktop\Bolero\cay cau dua.avi','VD00027')
INSERT INTO CHUNG_VIDEOKARAOKE
VALUES ('CT04',303,'FM01','VD00028',N'Chỉ Có Bạn Bè Thôi')
INSERT INTO VIDEOONLINE
VALUES ('CP07','12-22-2016','360p','SG78','C:\Users\Administrator\Desktop\Bolero\chi co ban be thoi.avi','VD00028')
INSERT INTO CHUNG_VIDEOKARAOKE
VALUES ('CT04',297,'FM01','VD00034',N'Chung Vầng Trăng Đợi')
INSERT INTO VIDEOONLINE
VALUES ('CP07','12-22-2016','360p','SG78','C:\Users\Administrator\Desktop\Bolero\Chung Vang trang doi.avi','VD00034')




INSERT INTO COMPOSER
VALUES ('0','CP08',N'Minh Khang',N'Nam')
INSERT INTO CHUNG_VIDEOKARAOKE
VALUES ('CT01',238,'FM01','VD00009',N'Bạc Trắng Tình Đời')
INSERT INTO VIDEOONLINE
VALUES ('CP08','12-22-2016','360p','SG70','C:\Users\Administrator\Desktop\Bolero\bac trang tinh doi.avi','VD00009')

INSERT INTO COMPOSER
VALUES ('0','CP09',N'Bằng Giang',N'Nam')
INSERT INTO CHUNG_VIDEOKARAOKE
VALUES ('CT01',231,'FM01','VD00010',N'Bài Ca Kỷ Niệm')
INSERT INTO VIDEOONLINE
VALUES ('CP09','12-22-2016','360p','SG64','C:\Users\Administrator\Desktop\Bolero\bai ca ky niem.avi','VD00010')


INSERT INTO COMPOSER
VALUES ('0','CP10',N'Cao Nhật Minh',N'Nam')
INSERT INTO CHUNG_VIDEOKARAOKE
VALUES ('CT01',271,'FM01','VD00011',N'Bài Thơ Tình')
INSERT INTO VIDEOONLINE
VALUES ('CP10','12-22-2016','360p','SG76','C:\Users\Administrator\Desktop\Bolero\bai tho tinh.avi','VD00011')

INSERT INTO COMPOSER
VALUES ('0','CP11',N'Phạm Thế Mỹ',N'Nam')
INSERT INTO CHUNG_VIDEOKARAOKE
VALUES ('CT01',279,'FM01','VD00012',N'Bến Duyên Lành')
INSERT INTO VIDEOONLINE
VALUES ('CP11','12-22-2016','360p','SG55','C:\Users\Administrator\Desktop\Bolero\ben duyen lanh.avi','VD00012')

INSERT INTO COMPOSER
VALUES ('0','CP12',N'Sơn Hạ',N'Nam')
INSERT INTO CHUNG_VIDEOKARAOKE
VALUES ('CT01',326,'FM01','VD00015',N'Bông Ô Môi')
INSERT INTO VIDEOONLINE
VALUES ('CP12','12-22-2016','360p','SG04','C:\Users\Administrator\Desktop\Bolero\Bong o moi.avi','VD00015')

INSERT INTO COMPOSER
VALUES ('0','CP13',N'Đài Phương Trang',N'Nam')
INSERT INTO CHUNG_VIDEOKARAOKE
VALUES ('CT01',390,'FM01','VD00017',N'Căn Nhà Dĩ Vãng')
INSERT INTO VIDEOONLINE
VALUES ('CP13','12-22-2016','360p','SG65','C:\Users\Administrator\Desktop\Bolero\can nha di vang.avi','VD00017')

INSERT INTO COMPOSER
VALUES ('0','CP14',N'PhanXiCô',N'Nam')
INSERT INTO CHUNG_VIDEOKARAOKE
VALUES ('CT01',277,'FM01','VD00020',N'Căn Nhà Dĩ Vãng')
INSERT INTO VIDEOONLINE
VALUES ('CP14','12-22-2016','360p','SG65','C:\Users\Administrator\Desktop\Bolero\cau cho cha me.avi','VD00020')

INSERT INTO COMPOSER
VALUES ('0','CP15',N'Trần Quang Lộc',N'Nam')
INSERT INTO CHUNG_VIDEOKARAOKE
VALUES ('CT01',285,'FM01','VD00022',N'Câu Hát Tình Quê')
INSERT INTO VIDEOONLINE
VALUES ('CP15','12-22-2016','360p','SG03','C:\Users\Administrator\Desktop\Bolero\cau hat tinh que.avi','VD00022')

INSERT INTO COMPOSER
VALUES ('0','CP16',N'Lê Minh',N'Nam')
INSERT INTO CHUNG_VIDEOKARAOKE
VALUES ('CT01',326,'FM01','VD00023',N'Câu Hò Điệu Lý Còn Đây')
INSERT INTO VIDEOONLINE
VALUES ('CP16','12-22-2016','360p','SG73','C:\Users\Administrator\Desktop\Bolero\cau ho dieu ly con day.avi','VD00023')


INSERT INTO COMPOSER
VALUES ('0','CP17',N'Minh Vy',N'Nam')
INSERT INTO CHUNG_VIDEOKARAOKE
VALUES ('CT01',350,'FM01','VD00024',N'Cây Bã Đậu')
INSERT INTO VIDEOONLINE
VALUES ('CP17','12-22-2016','360p','SG35','C:\Users\Administrator\Desktop\Bolero\Cay ba dau.avi','VD00024')

INSERT INTO COMPOSER
VALUES ('0','CP18',N'Trúc Phương',N'Nam')
INSERT INTO CHUNG_VIDEOKARAOKE
VALUES ('CT01',325,'FM01','VD00026',N'Chàng Trai Sinh Tình')
INSERT INTO VIDEOONLINE
VALUES ('CP18','12-22-2016','360p','SG64','C:\Users\Administrator\Desktop\Bolero\chang trai sinh tinh.avi','VD00026')

INSERT INTO COMPOSER
VALUES ('0','CP19',N'Lam Phương',N'Nam')
INSERT INTO CHUNG_VIDEOKARAOKE
VALUES ('CT01',275,'FM01','VD00029',N'Chỉ Còn Là Kỷ Niệm')
INSERT INTO VIDEOONLINE
VALUES ('CP19','12-22-2016','360p','SG64','C:\Users\Administrator\Desktop\Bolero\chi con la ky niem.avi','VD00029')

INSERT INTO COMPOSER
VALUES ('0','CP20',N'Sông Trà',N'Nam')
INSERT INTO CHUNG_VIDEOKARAOKE
VALUES ('CT01',315,'FM01','VD00030',N'Chiều Sân Ga')
INSERT INTO VIDEOONLINE
VALUES ('CP20','12-22-2016','360p','SG65','C:\Users\Administrator\Desktop\Bolero\chieu san ga.avi','VD00030')

INSERT INTO COMPOSER
VALUES ('0','CP21',N'Hồng Xương Long',N'Nam')
INSERT INTO CHUNG_VIDEOKARAOKE
VALUES ('CT01',360,'FM01','VD00031',N'Chim Trắng Mồ Côi')
INSERT INTO VIDEOONLINE
VALUES ('CP21','12-22-2016','360p','SG34','C:\Users\Administrator\Desktop\Bolero\chim trang mo coi.avi','VD00031')


INSERT INTO COMPOSER
VALUES ('0','CP22',N'Tiến Luân',N'Nam')
INSERT INTO CHUNG_VIDEOKARAOKE
VALUES ('CT01',328,'FM01','VD00032',N'Chờ Anh Hát Lý Duyên Tình')
INSERT INTO VIDEOONLINE
VALUES ('CP22','12-22-2016','360p','SG60','C:\Users\Administrator\Desktop\Bolero\cho anh hat ly duyen tinh.avi','VD00032')

INSERT INTO COMPOSER
VALUES ('0','CP23',N'Mặc Thế Nhân',N'Nam')
INSERT INTO CHUNG_VIDEOKARAOKE
VALUES ('CT01',376,'FM01','VD00033',N'Cho Vừa Lòng Em')
INSERT INTO VIDEOONLINE
VALUES ('CP23','12-22-2016','360p','SG60','C:\Users\Administrator\Desktop\Bolero\cho vua long em.avi','VD00033')

INSERT INTO VIDEOKARAOKE
VALUES ('VD00001')
INSERT INTO VIDEOKARAOKE
VALUES ('VD00002')
INSERT INTO VIDEOKARAOKE
VALUES ('VD00003')
INSERT INTO VIDEOKARAOKE
VALUES ('VD00004')
INSERT INTO VIDEOKARAOKE
VALUES ('VD00005')
INSERT INTO VIDEOKARAOKE
VALUES ('VD00006')
INSERT INTO VIDEOKARAOKE
VALUES ('VD00007')
INSERT INTO VIDEOKARAOKE
VALUES ('VD00008')
INSERT INTO VIDEOKARAOKE
VALUES ('VD00009')
INSERT INTO VIDEOKARAOKE
VALUES ('VD00010')
INSERT INTO VIDEOKARAOKE
VALUES ('VD00011')
INSERT INTO VIDEOKARAOKE
VALUES ('VD00012')
INSERT INTO VIDEOKARAOKE
VALUES ('VD00013')
INSERT INTO VIDEOKARAOKE
VALUES ('VD00014')
INSERT INTO VIDEOKARAOKE
VALUES ('VD00015')
INSERT INTO VIDEOKARAOKE
VALUES ('VD00016')
INSERT INTO VIDEOKARAOKE
VALUES ('VD00017')
INSERT INTO VIDEOKARAOKE
VALUES ('VD00018')
INSERT INTO VIDEOKARAOKE
VALUES ('VD00019')
INSERT INTO VIDEOKARAOKE
VALUES ('VD00020')
INSERT INTO VIDEOKARAOKE
VALUES ('VD00021')
INSERT INTO VIDEOKARAOKE
VALUES ('VD00022')
INSERT INTO VIDEOKARAOKE
VALUES ('VD00023')
INSERT INTO VIDEOKARAOKE
VALUES ('VD00024')
INSERT INTO VIDEOKARAOKE
VALUES ('VD00025')
INSERT INTO VIDEOKARAOKE
VALUES ('VD00026')
INSERT INTO VIDEOKARAOKE
VALUES ('VD00027')
INSERT INTO VIDEOKARAOKE
VALUES ('VD00028')
INSERT INTO VIDEOKARAOKE
VALUES ('VD00029')
INSERT INTO VIDEOKARAOKE
VALUES ('VD00030')

INSERT INTO VIDEOKARAOKE
VALUES ('VD00031')
INSERT INTO VIDEOKARAOKE
VALUES ('VD00032')
INSERT INTO VIDEOKARAOKE
VALUES ('VD00033')
INSERT INTO VIDEOKARAOKE
VALUES ('VD00034')

INSERT INTO COMPOSER
VALUES ('0','CP24',N'Nhạc Hoa',N'')
INSERT INTO CHUNG_VIDEOKARAOKE
VALUES ('CT02',211,'FM01','VD00035',N'Ánh Trăng Hiểu Lòng Em')
INSERT INTO VIDEOONLINE
VALUES ('CP24','12-22-2016','360p','SG05','C:\Users\Administrator\Desktop\Vpop\anh trang hieu long em.avi','VD00035')

INSERT INTO COMPOSER
VALUES ('0','CP25',N'Nguyễn Văn Chung',N'')
INSERT INTO CHUNG_VIDEOKARAOKE
VALUES ('CT02',230,'FM01','VD00037',N'Bay Giữa Ngân Hà')
INSERT INTO VIDEOONLINE
VALUES ('CP25','12-22-2016','360p','SG20','C:\Users\Administrator\Desktop\Vpop\Bay giua ngan ha.avi','VD00037')

INSERT INTO COMPOSER
VALUES ('0','CP26',N'Lý Tuấn Kiệt',N'Nam')
INSERT INTO CHUNG_VIDEOKARAOKE
VALUES ('CT02',275,'FM01','VD00038',N'Bên Anh Em Không Có Tương Lai')
INSERT INTO VIDEOONLINE
VALUES ('CP26','12-22-2016','360p','SG25','C:\Users\Administrator\Desktop\Vpop\ben anh em khong co tuong lai.avi','VD00038')

INSERT INTO COMPOSER
VALUES ('0','CP27',N'Trịnh Đình Quang',N'Nam')
INSERT INTO CHUNG_VIDEOKARAOKE
VALUES ('CT02',268,'FM01','VD00039',N'Bố Trẻ Con')
INSERT INTO VIDEOONLINE
VALUES ('CP27','12-22-2016','360p','SG12','C:\Users\Administrator\Desktop\Vpop\bo tre con.avi','VD00039')

INSERT INTO VIDEOKARAOKE
VALUES ('VD00035')
INSERT INTO VIDEOKARAOKE
VALUES ('VD00036')
INSERT INTO VIDEOKARAOKE
VALUES ('VD00037')
INSERT INTO VIDEOKARAOKE
VALUES ('VD00038')
INSERT INTO VIDEOKARAOKE
VALUES ('VD00039')
INSERT INTO VIDEOKARAOKE
VALUES ('VD00040')

---ADD COLUM TO PLAYER
ALTER TABLE PLAYER
ADD SecurityQuestion nvarchar(500)
ALTER TABLE PLAYER
ADD Answer nvarchar(500)



SELECT * FROM VIDEOONLINE